tract,longitude,latitude
720500,1160171.70454335,1834962.2944345
730200,1169816.30242459,1843710.10211415
730300,1166814.18304061,1843978.09707551
740100,1157599.24855614,1832915.38233703
710500,1165053.80574048,1851288.62298081
711200,1165328.30868512,1848758.35148806
711300,1166045.58905159,1846185.79267211
720200,1166429.86748929,1838752.2573972
700400,1153831.98873331,1849313.66304566
710200,1170314.99147417,1854113.89003752
681400,1170896.69639786,1856464.78425532
690800,1184149.12329641,1856803.68421227
691100,1176172.11165603,1856539.95243038
691300,1178928.9048535,1854003.34303717
680500,1169955.4729125,1867007.70659469
681200,1173796.89353762,1859249.18873905
670100,1168631.42144394,1866971.7218672
670600,1164733.91121415,1864212.4768561
670800,1167378.58927242,1864283.64422403
671300,1164821.62577062,1860895.51669745
650500,1148291.32335184,1856526.84995396
660200,1160087.4616938,1864115.48766297
660700,1162177.84377003,1860854.7209442
640400,1132099.77860167,1863318.21459741
640600,1137517.67806185,1861478.9821611
640700,1142832.36207779,1861650.12374774
650400,1152335.16946945,1857679.20130248
630200,1158508.85281433,1871362.34936382
630300,1154584.42118125,1869891.08771097
630500,1159938.26453459,1869431.5805783
610500,1167112.68841877,1873901.87739449
610600,1170343.99873585,1875264.30961056
611100,1168487.92657349,1872278.28844056
611500,1162738.43035121,1872365.55290089
611900,1167897.78213396,1869607.6383455
600700,1167557.80527795,1885343.21857247
601200,1172519.95496059,1882355.10264246
601600,1173778.51533929,1880301.78685266
610100,1172986.22747075,1877716.55471058
610300,1163680.0975204,1876292.8299054
581100,1158552.59192377,1872692.35837299
590500,1162341.31437924,1880103.67817361
590600,1164243.56460604,1880180.01267541
570100,1151733.33881412,1876235.86234394
570200,1148519.66886086,1875548.59352728
580200,1157034.38410583,1880167.3492022
560500,1145937.69749326,1869086.89947258
560700,1141261.5112351,1868947.5218343
560800,1137268.48948424,1868827.39258693
530400,1170517.68728582,1824549.05143875
520300,1201015.01321767,1834675.657887
520400,1203424.91259042,1835388.10196528
530300,1170434.21634213,1827199.52801847
510100,1198134.24865665,1839046.35636132
490300,1179208.93536855,1843330.74969353
490800,1180306.68964269,1837993.74091633
491200,1174322.20127303,1829949.52459317
460400,1194283.68275671,1850422.73552778
460800,1199979.33992487,1845920.80956913
480200,1187221.43907529,1846946.6859947
480300,1187761.87275081,1844781.57471417
440600,1179187.69255594,1845987.25469229
460200,1198846.74041183,1849332.8206845
431100,1189521.82314126,1854282.28150589
440300,1179044.45233096,1850010.8757504
420800,1183386.24560837,1862142.19829748
421100,1189503.91661868,1862132.37983478
430400,1186978.38550888,1856789.26685866
430600,1192132.02419852,1857644.28121098
411000,1188829.21883141,1867143.60854225
411400,1183221.1796884,1867073.01832792
420300,1184610.33062479,1864453.55930374
390400,1183077.95085627,1872713.02236287
390700,1187598.18573942,1872746.97794271
400300,1180627.63533949,1868018.30264984
410400,1183105.17810376,1871086.82509905
410500,1183188.29616044,1869762.89738295
370400,1175451.33773986,1869821.74300173
380300,1178941.86272077,1877881.32987116
380700,1177680.67118127,1875539.97265392
381500,1177938.45206776,1874225.297771
381800,1178405.34655133,1871917.96689239
390100,1186708.01879427,1875635.22259332
350100,1181770.59450781,1885761.46210102
350400,1176343.01290918,1885777.08546905
350900,1179278.75974452,1883855.72593773
370300,1175359.52430448,1872482.35482234
360300,1184159.29156203,1880776.30141571
330200,1175682.13584385,1892824.2604822
330400,1177346.7999431,1888452.80076695
340200,1174382.40114238,1888466.03002634
311400,1164500.127885,1886678.23601988
320500,1175248.98020183,1897638.70070522
301800,1148247.03411715,1885603.04354215
310300,1170685.28573109,1890911.95685171
310600,1167800.86409745,1890958.06114264
310700,1166346.3655478,1890821.57159622
311000,1161686.19944758,1890585.60076394
292600,1147827.79832686,1888211.87269583
300300,1156311.06119845,1889807.98150405
300400,1154553.3044733,1889515.46678651
301300,1157986.69566475,1884154.72195837
301400,1156193.68134765,1885394.92566807
284300,1160170.67034506,1893499.06648026
290600,1151905.27784699,1894887.02680037
290900,1147924.09077129,1893026.56083087
291900,1154761.49822556,1890857.28796963
291200,1153261.11771078,1893154.59604715
291600,1158919.32553005,1891375.94234082
292100,1153512.70457372,1889961.12843648
282800,1160856.61396584,1895982.95608888
283200,1167860.90494098,1895787.33641669
283500,1172817.28665128,1895832.62964427
283600,1173020.5844436,1893482.23494186
280100,1172280.6497735,1901549.78749232
280600,1159686.56125987,1901485.56446583
280900,1160774.21572163,1899034.4784581
281100,1161409.5592492,1900311.26868113
281800,1169749.1447966,1899287.60356778
281900,1172341.80141052,1899347.3660986
260900,1150532.2482769,1896178.22320041
270300,1154339.51846168,1901483.00066167
270800,1157051.04108015,1900215.59792553
271300,1154426.70412675,1898499.27405225
251700,1144593.84567272,1903567.14875344
252200,1143817.12331596,1898217.71663988
252300,1143872.46814989,1895570.07394432
260700,1149104.98024977,1898370.84282918
250800,1142639.08166556,1908941.29313953
251100,1142511.51017874,1906185.19242553
251600,1142585.93012603,1903555.12228809
242100,1164880.00400529,1906728.20197576
242800,1159325.27386777,1904094.73072736
243100,1163629.38142211,1904052.77300099
243500,1169610.95760565,1904209.90965099
243600,1171728.75931812,1903980.71479767
240400,1162220.24254353,1911626.94555975
240500,1161087.72667346,1911182.3354545
241000,1158134.09363869,1909699.895263
241500,1164554.05371859,1909899.24943482
241600,1166085.3199024,1909281.43743775
222600,1155406.49296001,1912466.82417232
222800,1152517.57830783,1912380.83052097
230700,1150787.71261556,1909047.77023386
230900,1153831.28216512,1909201.32175655
231200,1150867.12842673,1906402.26165639
220800,1148849.78266265,1917267.04410853
221100,1153791.91982744,1914425.23148734
221800,1164105.96625002,1914323.53867143
222300,1159399.08247735,1912550.70325155
200400,1147446.38045531,1913910.90287312
210500,1150536.05707565,1919679.9708987
210700,1155522.85849595,1919790.07612922
220100,1161182.11586268,1917267.2432399
220200,1159253.80815193,1917196.3752291
190800,1142615.97838178,1916824.5658872
190900,1144590.04924981,1916875.09344665
191400,1132730.67603307,1913938.24601324
170500,1121479.29831167,1924798.72221536
170800,1125983.68788329,1921731.02967719
171100,1134439.65985828,1921957.75336272
160800,1153046.77074239,1925058.18966642
161100,1146157.83376046,1924887.00886216
161300,1148118.32722296,1922285.3123304
170300,1130195.30559279,1924507.84855918
150800,1142356.24833786,1924799.93119258
150900,1144343.26504587,1924852.38092951
160200,1146066.70984714,1928137.52923235
140200,1152935.6563231,1932544.39623489
140400,1145886.72825116,1932779.55997969
140700,1152888.73066592,1930360.218346
150200,1142250.07435058,1928795.66421995
130200,1146638.99676274,1936175.46081781
100600,1129971.43454093,1935467.90270621
100700,1129923.40505924,1932890.2791385
090200,1125644.34855463,1945063.14262958
100200,1130784.79278268,1941448.96417333
100400,1124337.19065351,1938991.08092673
081500,1176777.47418686,1904213.08929806
071400,1174527.4667333,1914972.43935362
071500,1175213.41619085,1912257.14495657
080500,1171414.54014963,1909565.22456755
080200,1175453.97021121,1909685.4477724
080700,1170658.04244148,1907272.68457946
063100,1171044.22745311,1920829.6817545
070500,1167231.62230161,1917415.26951502
071200,1171247.43979942,1914862.97240263
061000,1169600.77352009,1924822.70584195
061300,1164376.42127005,1923293.04093591
061500,1167007.40917667,1923366.91306612
062300,1167045.52169984,1922035.51744172
062600,1164470.53921193,1919960.41717841
062700,1165791.43210898,1920006.23838309
062800,1167109.61396541,1920042.96872457
062900,1168430.01119006,1920081.82179143
050400,1158726.61538222,1923916.94884786
050500,1161018.681952,1925201.27073217
050600,1163010.63617767,1925254.03018974
050700,1163058.51660707,1923258.62965035
050800,1161735.03334812,1923226.99783767
051000,1160469.96478981,1921869.57046792
051100,1161772.7072535,1921899.14506237
051200,1163098.30884792,1921929.97916276
051400,1161746.54704224,1919852.26986955
051500,1160187.00544352,1920458.93927723
060100,1165594.40029268,1927819.57957101
060200,1164258.78613054,1927945.14805122
060400,1165634.28644717,1925320.81770846
060500,1167269.49821176,1926079.12278207
060600,1168586.07612556,1926111.56261521
060800,1171210.76966025,1926358.5484611
040100,1161339.06312155,1937188.99671015
040200,1158083.13804152,1934438.11126409
040300,1155933.12928164,1934772.80935828
040700,1158114.15564907,1931142.77016218
040800,1158603.12143832,1929815.16829632
040900,1160888.73676664,1929843.91679185
050100,1162938.35204699,1927912.93195898
050200,1160940.90273582,1927858.41560258
050300,1158816.27118126,1927811.92264744
031000,1164328.95939536,1933241.96003549
031100,1166298.18561025,1933341.40227386
031200,1168072.24974855,1933370.49042254
031400,1171887.41496059,1929646.25393692
031700,1166500.86874657,1930711.03407517
031800,1164477.08636678,1931265.97598114
031900,1164606.05161591,1929941.41836299
032100,1169288.91828751,1928076.00226444
020600,1156913.40772766,1943622.28107251
020700,1155244.43457401,1939881.49288556
030200,1165866.66141242,1941273.18713718
030300,1163878.70997724,1941235.44851792
030400,1164023.95104862,1938529.61588661
030600,1168366.10014066,1938416.30397206
030700,1168703.20954615,1936010.2166632
030800,1166189.79929782,1935980.64475622
010500,1166311.09372464,1945058.34076824
010600,1165164.72326792,1945581.32015811
010700,1162911.96185652,1946588.46810072
010900,1164744.17807422,1943570.38938314
020300,1156159.40401984,1945987.12781733
020400,1160204.07395421,1946347.98904337
020200,1156447.69729312,1948947.30866925
000000,1196922.0147397,1860709.11139874
010100,1164540.56829628,1951022.77196025
010200,1162511.76317176,1949112.77440092
750100,1170316.39228563,1832489.67909341
750200,1165025.40197075,1832382.05378619
750300,1160988.45354301,1832256.61422093
750600,1170332.22021459,1829865.06442408
760800,1116648.41823452,1929659.67726478
760900,1101226.43028507,1935286.55232157
770600,1101606.99923663,1944740.47318531
770800,1106997.04899021,1927721.1450281
770900,1117290.84166553,1932804.74255946
808100,1137406.94098462,1945160.93737574
810501,1124733.86496351,1929851.8420939
821500,1179509.86549305,1816177.87035252
823304,1159026.67919349,1830871.76450624
590700,1166731.04568608,1880198.86377479
600300,1173517.81381305,1885289.52920906
561300,1146083.61674852,1866414.06312271
320200,1174994.6525129,1901324.01302465
292300,1152351.88194147,1889582.82846387
290100,1158533.29786322,1895092.72809863
282300,1167811.96016052,1897519.09317029
280300,1167089.51390784,1901478.66777285
270600,1154376.73728115,1900157.43819919
260400,1146354.4160488,1900961.04905791
242400,1160891.72012058,1906607.34820578
240800,1156776.85314459,1911186.95605423
230600,1147434.79345447,1908967.67058315
221600,1160670.37738664,1914568.59458592
190300,1139849.94660763,1919418.02165336
190100,1144494.98904021,1919532.53798524
160100,1144856.93305857,1930256.77258832
381900,1180396.24408731,1871969.20738785
350800,1178615.57771328,1884172.73411541
370200,1175281.96727874,1875146.86262942
320300,1174957.52469627,1900118.4210984
300200,1157520.03770592,1889921.97600493
301500,1154818.20249666,1885211.24754168
291000,1150622.61028529,1892426.53150168
283100,1166542.81732385,1895664.26827718
280700,1159621.72035713,1900268.4901809
282000,1172627.67160449,1897545.83455477
271000,1158405.19930309,1898982.19307647
250700,1140097.86452791,1908791.13574857
242500,1159576.97940071,1906606.01106467
240100,1166833.93722782,1911580.11174017
222900,1151155.39511994,1912409.50007744
220700,1150609.66300234,1917018.07318997
222000,1163389.06336771,1912669.14747815
210900,1158388.3126447,1919713.78827405
191000,1144693.93540034,1913707.3575423
180100,1129736.77296012,1919170.55404148
170400,1125875.18478782,1924402.34903511
160300,1148109.23413306,1927592.86657516
150100,1144033.4750687,1927440.89550784
110100,1137475.58802432,1938544.956921
081100,1175967.46008797,1907017.42421663
080100,1176611.52483389,1909682.58075782
061200,1166970.01137336,1924743.49061025
062400,1165727.44007233,1921998.88600538
051300,1163149.42378028,1919948.30409548
040500,1162843.16813421,1931234.87654862
031300,1169989.00504189,1933465.78457418
030100,1167998.31608828,1941177.68404104
020100,1159857.2665014,1948981.23848707
750400,1161321.63695592,1828726.07365123
811600,1105740.96851252,1927540.84735578
600400,1172102.10244071,1885666.34413581
420900,1184710.04752863,1862089.13553615
730500,1174046.4058107,1839231.13665484
691500,1184261.43063022,1854187.88517663
282400,1166490.54813418,1897396.43914235
282600,1161805.65064069,1897735.46982321
282900,1163519.38701215,1896487.40269682
612100,1171208.0303779,1869695.44761371
601500,1172405.99064255,1880357.54223263
500100,1185851.34974381,1839483.48421368
460100,1200766.61480979,1849961.96090685
411300,1184543.2060074,1867102.04404464
381700,1176696.85742059,1872527.9080992
320100,1178222.02723326,1901484.34857464
301200,1159141.27232631,1888004.93575944
281000,1160740.68886972,1900291.74369153
261000,1148077.3641119,1896260.1521894
250900,1144565.5293841,1908753.5335046
241900,1167581.38068477,1906825.51405489
222200,1161027.04530597,1912616.78229171
180300,1130563.73362916,1914490.51706056
140600,1150228.33631138,1930299.61077796
062200,1168348.47440988,1922394.55094319
491000,1176844.45575233,1833971.55974748
150300,1139564.13748432,1928720.22151126
251200,1140172.35648556,1906141.74196862
600600,1168943.9800314,1885854.51386742
460900,1197336.60353285,1845901.72802369
380800,1178973.4785552,1875577.31166592
284100,1163587.49793475,1893384.53054415
260200,1149023.42610188,1901022.25917292
221300,1156677.71720509,1914485.1145442
720100,1164033.10396977,1844018.00823103
310500,1169118.36697718,1890573.72256057
241400,1163372.037787,1909032.7757174
070100,1173641.92800204,1917579.465528
380600,1176619.71096676,1875875.87003586
140500,1147834.48641656,1930542.19617923
120400,1142259.45501281,1934862.19621107
282200,1169225.1513825,1897014.37104886
230200,1153890.16125448,1911086.75851352
081700,1175240.78513092,1904030.78337962
671200,1166114.08433714,1861924.98041577
340300,1174317.27641803,1886081.02337074
170900,1126203.98963513,1919771.64828488
711000,1171131.32808524,1848461.1904169
690500,1181000.2498423,1858940.84398576
681300,1173444.38232583,1856322.44847074
660400,1154789.34215886,1863965.50732759
620100,1152017.60443549,1869569.83390249
611300,1165837.49248676,1872212.70988612
580900,1157805.26016792,1874018.27365439
580400,1154389.37303403,1875894.05431736
520600,1200825.42885686,1830456.30214399
491300,1176953.40690962,1830015.40883114
450300,1190161.65328237,1849434.21316933
410700,1185791.42481685,1869863.37651577
400500,1177909.6288942,1867245.97693585
381100,1181708.69726083,1874335.1371297
351200,1179337.24697013,1880550.13106927
290300,1155864.29415667,1895044.94735505
081400,1179976.28640706,1904337.05344843
081600,1176054.73653167,1904048.56620653
081900,1172601.98600249,1906174.67821462
071600,1172631.4386934,1912912.91372393
071800,1171335.28453018,1912214.59825536
291400,1156580.72700599,1893228.94893207
283000,1163561.68353906,1895158.97368544
271800,1157155.74176349,1896402.7228234
281300,1162437.16480862,1899079.94538458
270100,1158371.69066858,1901616.00123294
271600,1154486.30179502,1896510.53856917
260600,1147772.62268297,1898356.87910904
251000,1144486.20165266,1906226.01440055
242600,1158245.90734785,1907002.24487903
240200,1164748.40122364,1911377.82854437
241800,1169533.16657448,1906253.95046498
231400,1147611.69027952,1903651.51800925
221400,1158099.78205533,1914377.51538152
210300,1150421.84141043,1922303.71473303
220400,1156599.76316817,1917146.87321131
200200,1146898.19435386,1916866.45621766
160600,1156157.41013942,1927770.63778987
150600,1137014.23120142,1924678.36628685
160400,1150305.76973239,1927643.60843438
140800,1155750.67071933,1930287.30141651
110200,1136475.45453613,1935827.7518696
081200,1177068.1501195,1907206.95019658
071700,1172672.7712193,1911599.71595265
063200,1173276.74258314,1920905.59909017
071300,1172540.69561933,1914845.47225853
062100,1169674.06811902,1922443.92467055
060300,1164329.79226365,1925285.87857035
060700,1169561.73343288,1926142.66988255
040400,1161461.85441717,1933191.39352766
041000,1162881.47320933,1929905.42778418
030900,1164216.86585779,1935922.71630253
031600,1168129.29918625,1930708.59190941
032000,1167296.15178733,1928121.36099053
020800,1157913.55005994,1939739.75691682
030500,1165965.21843249,1938643.99161128
010300,1165449.1476185,1949102.28516238
010800,1163301.52059892,1943977.30152063
020500,1160689.97783822,1943737.35316069
740300,1154291.28100454,1832089.96495201
750500,1165098.9577734,1828360.54105724
770700,1108237.7679361,1936643.19047872
810400,1121188.9115968,1936257.0021553
840000,1094039.05354134,1934631.00066407
710800,1171044.59667697,1851445.83223066
711500,1173838.94979966,1845857.90433822
110300,1133831.01461,1934062.52598215
081300,1178244.28632069,1906347.64190648
070200,1171203.89935546,1917494.77434192
062000,1170950.90088238,1922412.32707034
700100,1158315.81076917,1853461.43755259
661100,1156304.75587507,1856063.80800542
671900,1167603.6078944,1856348.36873132
680200,1174629.82835646,1865816.00091255
680400,1171280.15086246,1867043.07495152
680700,1171351.72164399,1864389.21795302
681100,1170834.77731091,1859071.30551751
670200,1167307.77814844,1866936.12716492
670500,1163330.46490608,1865546.46808715
670700,1166055.35129832,1864245.61982227
671500,1165325.53217763,1858815.87846592
671700,1168849.40932252,1859015.93369764
660100,1162069.22791965,1864130.54392834
660300,1157428.54390456,1864040.99751232
661000,1161140.65135842,1856486.30451221
640100,1146086.11285839,1863751.33851404
640300,1137448.64781222,1863481.2066064
640500,1132185.80215533,1861315.24364637
650300,1150165.07281311,1861186.18517888
620200,1148976.981248,1868654.12836265
620400,1151995.48199226,1866543.2851664
630900,1154668.58329057,1866608.50043745
630700,1160013.37280981,1866773.81408242
610400,1165782.57311222,1874202.96952705
610700,1172374.83413602,1875023.90608622
610900,1173111.01003963,1872407.11812106
611800,1165909.99092567,1869557.46468985
611400,1164512.06245187,1872186.74183418
600500,1170380.74959933,1886501.63185012
600800,1169642.37663911,1882588.88235388
601300,1171864.94954587,1882006.05471776
720600,1163421.46582778,1834965.98957735
710700,1168844.168142,1851163.68561786
700200,1150537.44565509,1853163.3017688
690100,1178715.73789745,1861953.59219806
672000,1164951.87050594,1856296.25795714
670400,1164660.98295917,1866869.99474729
671400,1163504.93004625,1860845.22777907
660800,1158844.33936126,1860755.32458506
650200,1148750.93174202,1863807.44102676
630800,1157352.63992906,1866693.10648836
611700,1164584.20079506,1869529.42449108
600900,1169603.10604519,1883748.41779233
580700,1160475.34807118,1876747.51534938
561200,1142754.94574915,1866315.42203266
560300,1143853.11055312,1871677.69700589
550200,1194515.53886931,1817233.85418096
490700,1176720.69217839,1837972.28134546
470100,1185388.07806217,1844401.72816825
440900,1181966.11161455,1844550.25243309
440500,1177056.14571736,1846240.22591947
410900,1189020.22812728,1869567.64897152
420600,1180634.2638331,1864343.28075616
400700,1178615.09092768,1865607.69169989
380500,1176562.49974661,1877826.01171235
382000,1181750.3118007,1872675.92291189
350700,1178763.70907285,1882785.31130109
330100,1179289.75304753,1892150.31906364
340400,1175345.30105406,1885749.69595097
301900,1148204.72722381,1880791.61876146
292500,1148003.82092199,1890363.13402258
300900,1156071.58892982,1887897.67048381
610200,1168421.38064865,1876831.37341631
580500,1157052.75067117,1876640.1353407
580800,1160549.65948196,1874097.45751724
590200,1164895.16971583,1882766.38063299
590400,1160730.34715039,1881127.18147164
570500,1148098.06333499,1869774.98939758
580300,1154434.37395838,1879484.65639002
560100,1145666.98656596,1875830.33461957
560600,1143940.31692042,1869009.0694998
561100,1137355.10039509,1866154.63328381
530600,1179412.19791815,1823302.78939681
550100,1202303.99813172,1821588.94689414
520200,1200875.94946926,1839245.54232738
520500,1203416.78089712,1831797.33487792
500300,1183079.46201531,1830218.93058224
510300,1191320.6561216,1839926.76913753
510500,1194235.69296962,1835347.71102599
490600,1176715.86765562,1840605.36970743
490900,1180220.70369179,1834193.68325665
491100,1174210.46390382,1833951.11207484
491400,1179952.66629852,1830122.32399541
460700,1198245.26842092,1847211.74629524
461000,1198993.1294349,1844244.36200208
480100,1191113.11180634,1847027.78664163
490100,1175897.81928201,1845714.96706493
480500,1195603.34272211,1844264.8474284
430900,1189458.40016058,1856265.59213537
431200,1192204.17919406,1854343.97242455
431400,1197323.19520088,1855355.86938773
440400,1176004.45056189,1850208.12572425
420700,1181358.61661021,1862045.26225651
421000,1185910.8231726,1862264.92311017
421200,1181853.85225693,1859852.23571985
430500,1189423.60825327,1857578.08313354
430800,1192155.50873602,1856329.20041936
410800,1187043.1255877,1869846.29186415
411100,1187040.2506808,1867104.63078366
420500,1181957.22814245,1864385.92923302
390300,1183014.39802374,1875364.00217799
400100,1179795.67332374,1870614.83052219
400600,1176880.64446825,1866460.27286625
410300,1184464.68524086,1871155.65171551
410600,1184497.02369456,1869826.58125926
380100,1181387.03227906,1877900.08698438
380400,1177616.60945758,1877844.10985038
380900,1180304.63682005,1875617.93149734
381200,1180359.79976899,1873632.70518677
381400,1178335.04292194,1873290.09224221
390200,1184305.04825246,1875316.84178785
340600,1175243.75634641,1880487.34429092
350300,1177412.15636483,1885800.32723245
350500,1176415.41319869,1883123.86551106
351000,1182464.4299831,1883231.80058893
351300,1178676.60215187,1880505.78040253
351500,1176555.82569063,1880438.842313
360200,1181426.86392757,1880340.68996254
360500,1182848.91127268,1877743.39589521
330300,1176386.42284996,1888440.55378083
330500,1179591.99945472,1888120.50142181
311300,1161570.32507979,1886282.66804227
690600,1184556.86770928,1859470.90408896
510400,1192071.10820214,1827801.89929869
460600,1195453.0356882,1847205.28898117
440700,1181777.30705716,1846765.22058452
430200,1189384.84120347,1859562.74488147
420100,1188993.00259328,1864422.04977241
410200,1185761.21990765,1871185.71911788
381000,1181674.68887079,1875661.80227511
350200,1178728.67033301,1885843.07045413
360400,1185665.07382583,1878388.3293969
320400,1179222.56621681,1898847.22981139
310800,1165347.35566702,1890793.58792902
300600,1152084.59589851,1887799.82597712
290800,1147785.92502609,1895005.1192577
282500,1164479.79791898,1897807.02966015
283800,1169362.55913876,1893553.91579595
281600,1165100.72797963,1899483.4836423
270900,1158280.45127662,1900240.23572091
260100,1150359.65770735,1901045.30763916
251500,1140259.92592511,1903422.35208131
243200,1164958.62856234,1904091.48169632
241200,1160818.33348273,1909261.7964513
230400,1150781.28781621,1911039.69162461
220900,1150743.63159532,1914414.90594245
200600,1149852.3866879,1912270.53386289
190600,1135952.28300781,1916658.23988964
171000,1130294.77607715,1921841.83606901
170100,1130726.95413107,1926965.19971886
130500,1151585.74201129,1935290.8302109
110400,1136593.83750001,1933192.97897977
080800,1173003.42134959,1907522.09569325
072000,1168422.30897625,1912320.43004342
070900,1167291.48642716,1914584.18435026
061600,1168338.90877582,1923723.08125927
050900,1160415.77550672,1923193.89039468
040600,1160834.10665595,1931173.32676716
031500,1169436.94120437,1930734.8929135
740400,1151963.72763434,1829219.31935623
820800,1129522.71936302,1869509.19783776
720400,1160817.84175445,1837575.6234978
720700,1166716.13627929,1835111.72447446
740200,1153722.60064813,1835595.82364058
730600,1170669.72570162,1837878.65683275
710400,1164975.63852649,1853639.07830477
710600,1167735.01387642,1851355.35167943
710900,1173552.02910121,1849384.51757222
711100,1168479.48261326,1848388.19228205
691400,1181568.66603279,1854086.15735311
700300,1148493.83394716,1849121.9397085
710100,1172895.23329742,1853485.10899787
690200,1176765.15891444,1862344.15774762
690400,1178794.13625837,1859310.22315615
690700,1185749.88090777,1857245.44186471
690900,1181497.95768657,1856744.4309125
680800,1172680.40206149,1864627.96603807
671100,1167441.16622652,1861963.81738353
660900,1157567.45324912,1858728.84148339
612200,1173194.52499172,1869754.38734444
611000,1170572.7048791,1872189.92123488
601100,1173546.14681629,1883047.4261038
590300,1162351.81131776,1882625.92322126
580100,1159380.85422565,1880612.12749483
530500,1175489.64976049,1822314.99715668
320600,1177944.12095639,1896241.68955684
301700,1151493.33479376,1885117.96857603
302000,1152694.8015731,1881793.35335533
310200,1171984.01208169,1890982.73326862
311200,1160443.95855001,1888027.72857975
310900,1163681.53657868,1890734.03386559
292200,1152498.32419843,1890961.56722728
292400,1150684.49390642,1890430.9692041
292700,1150390.90411298,1888636.91830549
300500,1150830.00012821,1887588.11079772
300700,1153415.11903182,1887839.16438395
301000,1157563.21981363,1888526.16228344
284200,1161588.14649951,1893244.37613725
290200,1157194.17153719,1895074.20171955
290400,1154529.74743328,1895184.20190639
290700,1150574.53494697,1894855.50086977
291300,1154588.53919431,1893184.13050907
291500,1158875.2852647,1893211.93250373
292000,1154673.82884367,1890184.93724894
282100,1170548.46153043,1897128.36831628
283400,1170641.88317985,1895358.05165586
283700,1170692.68985869,1893593.99650317
283900,1167270.59635082,1893493.70976556
271900,1158468.33305147,1896828.781415
280200,1169741.31542715,1901547.99715436
281200,1161440.64789829,1899051.66150893
281500,1163760.78330549,1899445.14029745
281700,1167100.61769845,1899207.29732777
270200,1156340.0136288,1901516.03318741
270500,1151889.69584603,1898086.94045725
270700,1155711.67039883,1900187.23103033
271200,1155758.47248397,1898529.17582344
271500,1153160.34624111,1896479.18030913
271700,1155821.56757296,1896372.44955592
251900,1140346.11008379,1900765.63733458
252100,1138959.91336762,1897909.31533359
260300,1147686.71623367,1900990.20870032
260500,1146461.09228964,1898157.82463257
250200,1142734.04334002,1911164.44161963
250400,1136119.07339888,1911353.86957652
251400,1137599.11400706,1903362.44769132
242000,1166209.40757848,1906763.01358077
242700,1156844.96607393,1905849.53296445
243000,1162297.99911199,1904014.03933728
243400,1167615.6018581,1904149.98163334
243300,1166286.62691372,1904123.66125817
250100,1144740.74909698,1911044.87786609
240300,1163422.05666278,1911343.00735759
240600,1159435.55117857,1911228.10604783
240900,1156142.03172667,1908499.59693069
241100,1159486.35200159,1909226.52608642
241700,1167338.19465336,1909566.1972616
222500,1156735.20306346,1912510.92224368
231600,1154269.08228678,1903807.76822415
230300,1152556.16840444,1911050.93905407
230500,1147395.20965019,1910971.22590321
230800,1152582.5333788,1908884.74723297
231300,1147498.81251631,1906315.36650512
220500,1155255.97195386,1917122.348209
221000,1152460.25924231,1914394.18894949
221200,1155345.93183768,1914460.25088477
221500,1159344.16162428,1914694.91029639
221700,1162000.34830756,1914604.82005375
200500,1147414.4445014,1912300.24637752
210100,1156190.42528598,1922406.46078365
210400,1148326.79251138,1919752.41085241
210600,1153193.99512005,1919741.48641562
220300,1157928.13439261,1917168.90272147
190200,1142520.04457145,1919482.2959168
190500,1132608.62753183,1917802.87438473
190700,1139939.27817179,1916759.43946201
191200,1140069.62068085,1914004.08099467
200100,1146337.32927375,1919488.18004656
200300,1147313.01914709,1915275.29353282
170700,1123317.84467043,1921683.75542159
160700,1155986.07064515,1925149.73966094
161000,1148186.26491153,1924936.90475433
161200,1146060.10144572,1922217.97210978
170200,1134359.27594,1924617.39655434
150500,1134228.13966874,1928739.25691333
150700,1139679.81449441,1924739.15685916
151000,1143056.48392745,1922160.22471633
151200,1137103.13813737,1922017.31203611
160500,1152969.26659955,1927710.57997905
140100,1154905.30471801,1932699.35703104
140300,1150053.65118064,1932853.50360836
120200,1140756.10215095,1941111.14917827
130100,1150767.98046686,1939944.21252652
130300,1152800.07248899,1938301.76056254
110500,1139814.54192823,1933631.84544647
100500,1123885.98585632,1935016.55142401
100100,1133858.64251421,1939274.95035529
100300,1128045.15864133,1938917.21077344
080600,1169411.03125612,1909506.94271587
080400,1172734.88142819,1909611.87709099
063000,1169749.12814777,1920118.86040317
063300,1173496.54683461,1919546.74360116
070800,1165578.68637483,1915053.73995505
071000,1168607.81681221,1914786.06127837
070600,1165930.26118064,1917338.44733194
071100,1169927.50163097,1914824.47332901
060900,1171776.60391905,1925061.83418102
061400,1165689.70740691,1923328.36643699
061700,1169634.03998887,1923780.44272533
061900,1174270.26534931,1921857.26017103
720300,1163407.92470256,1839020.44013267
671800,1168922.34909977,1856384.43674788
620300,1148675.09330235,1866461.38459393
600100,1172004.03665369,1887674.43819483
540100,1183866.7869398,1819597.88646002
431000,1187292.34944287,1854688.58211292
390500,1184402.71498929,1872743.7742127
381300,1179437.86159193,1873936.70011198
360100,1182428.46570222,1881543.6779651
310100,1172797.34723554,1890393.34271575
301100,1157367.91648142,1887500.45866963
280800,1159747.62539381,1899009.78958756
271400,1153098.2837373,1898467.4593968
250600,1137425.13855942,1908726.96807838
231800,1155502.7932376,1905838.48107526
222100,1162389.18517769,1912738.40107647
191100,1142740.58252634,1913817.31894854
120300,1145533.28826477,1939912.5609337
070400,1168520.23586949,1917433.19620266
711400,1170183.498838,1846270.39295028
560400,1145852.64157741,1871726.26058731
440800,1183523.49143579,1845700.53623576
410100,1188206.33400363,1871044.99424687
291800,1154748.58958141,1891516.79253654
280500,1161699.07702351,1901669.28207934
231000,1153875.29888285,1906442.37962869
090100,1125489.90106747,1948577.65592104
730100,1173931.789906,1843211.33075346
730700,1170828.52736954,1835134.84475043
700500,1159949.28963315,1849403.87440263
690300,1176393.71699205,1859079.88175022
691000,1178860.59692289,1856656.36733977
680100,1176222.5517669,1866034.58470153
681000,1170761.11622057,1861721.08784434
670300,1165984.21538463,1866901.37055085
670900,1168703.07370413,1864318.74725953
671600,1167517.59266569,1859312.36137443
660500,1154832.76585559,1861310.31003726
640200,1142766.08694525,1863646.44110192
650100,1152113.90344302,1863889.50311943
630100,1161909.96236341,1870125.76316154
630600,1161942.7010473,1866843.74927125
610800,1173671.23874233,1875096.15711507
611200,1167163.05509768,1872244.3847213
601400,1170034.7718791,1880307.05402699
580600,1159061.8258956,1876702.44188597
590100,1167007.10058858,1882669.16504426
600200,1173126.15542015,1886641.69473636
570400,1151713.83371752,1872125.08578514
560200,1143879.38140214,1874365.91823165
561000,1132013.19000796,1865986.51919514
520100,1203181.67192043,1841747.89488706
530200,1175721.12919662,1827331.90752501
510200,1195374.69637135,1839419.69889821
490500,1180846.15382793,1840640.85787767
460300,1196124.93480041,1850283.49566874
480400,1191129.34810311,1844548.73461909
450200,1186737.13540291,1850250.29883172
431300,1194826.85456454,1854641.15831063
440200,1181678.57197331,1850096.26595508
430100,1192683.60800895,1859546.06817638
430700,1194247.39535876,1857766.17940163
411200,1185864.25436319,1867139.92286951
420400,1183284.58672714,1864422.715554
400200,1176779.21901251,1869882.58954786
380200,1180053.96304648,1878026.11143018
381600,1176652.23390126,1874547.5397073
340500,1175098.60880651,1883069.47861839
350600,1177480.92022585,1883145.75970945
351400,1177552.30109165,1880492.81258123
370100,1175246.71170891,1877785.04240226
340100,1174721.62473268,1890507.07110652
311500,1168313.41253269,1888453.96850689
301600,1153488.45992764,1885174.06473993
310400,1169789.86979367,1891036.98822513
311100,1160366.48837926,1890664.26023129
300100,1159109.90991645,1890067.04199517
300800,1154741.49367589,1887863.00045135
290500,1152865.66032687,1895254.82028315
291100,1151484.4268535,1893336.19170551
291700,1156592.37411689,1891084.20053168
282700,1159829.28927523,1896369.76651816
080900,1174122.14145022,1907430.80181995
283300,1169308.68433021,1895313.35941839
284000,1165272.96264563,1893446.26517891
280400,1164364.06806925,1901744.62066656
281400,1162406.0908987,1900340.57481974
260800,1150444.71100363,1898396.39502157
270400,1152339.03032154,1901251.08164721
271100,1157096.16619178,1898558.11357871
251800,1143673.85380272,1900916.07896992
250300,1140061.37137536,1911347.56624795
250500,1130277.43595478,1911927.71911892
251300,1137509.88653734,1906078.89397779
242300,1162222.70603205,1906648.17076166
242900,1160966.2840168,1903974.67263418
231700,1156790.54315807,1903737.81865546
240700,1158105.48986327,1911200.78086429
241300,1161814.64648476,1909292.50702031
222400,1158067.96065319,1912525.48087105
230100,1155447.21433261,1911140.17020287
231100,1152566.3038437,1906483.29750154
220600,1153261.62183022,1917080.45267611
221900,1165082.89157587,1912681.14639405
210200,1153074.49957101,1922431.4480565
210800,1156858.08525187,1919810.71193713
190400,1135868.46685849,1919321.54864089
191300,1136041.08282752,1914006.86706985
170600,1120995.67644534,1921596.99196281
180200,1129820.20954906,1916528.53864023
160900,1150382.17703396,1924990.04986003
150400,1136877.59221025,1928838.75812333
151100,1139762.99479406,1922079.0426432
130400,1154551.77819655,1935243.08456283
120100,1136006.16364155,1943816.50402693
090300,1124779.61620516,1942690.05338305
081000,1175149.51226107,1907026.90099841
081800,1173609.04794114,1904445.41517689
071900,1170016.74488626,1912178.63557699
080300,1174134.18974613,1909652.04603565
063400,1171068.8996747,1919527.73555214
070700,1163716.40695915,1917506.99640763
061100,1168286.14234859,1924782.72130309
061800,1170929.93057616,1923838.0065631
062500,1164416.62022297,1921964.08919788
730400,1170120.10981001,1840498.98775618
691200,1175562.70105839,1853886.32743165
680900,1174010.57038354,1861889.6399041
671000,1168775.4170634,1861667.76932655
660600,1158813.68143735,1862083.7225359
640800,1146167.87579898,1861091.99119038
630400,1157276.13924684,1869348.74006967
611600,1163251.97356868,1869521.59833888
601000,1172247.51255279,1883640.4178735
581000,1154496.61372404,1872549.77174349
570300,1148520.05783707,1871797.49937167
560900,1131983.56580895,1868627.37212193
490400,1181484.95497212,1842718.77042859
460500,1191843.14847108,1851272.9482937
450100,1186488.73345232,1853699.39075213
440100,1184068.81013658,1850123.37321047
430300,1187204.45637818,1859529.70779111
420200,1186017.03943786,1864551.40456579
400400,1179234.14982822,1867287.7214057
680600,1170027.52592045,1864354.38896093
490200,1176594.020179,1843279.98686155
351100,1180249.86946497,1880656.81976691
252000,1137682.29650062,1900700.07267416
231500,1151606.31752196,1903744.59040516
070300,1169838.6710442,1917472.6801554
020900,1161215.39038001,1941165.83501619
252400,1139398.4764252,1895300.12216682
530100,1179671.63832248,1827471.61491855
222700,1153851.04399656,1912412.82314688
500200,1184485.42061146,1834447.92829295
390600,1185725.15319317,1872770.8866654
010400,1167495.89566598,1945047.70566806
242200,1163551.32758341,1906688.67018591
680300,1172595.76107545,1867079.92225215
612000,1169884.31127519,1869661.2066958
400800,1178649.15169872,1864271.80732596
710300,1167672.07763192,1853697.04595828
